{
  "metadata": {
    "timestamp_utc": "2026-04-18T21:44:25.202414+00:00",
    "git_sha": "905bb0e0da2e24a7c7ed7ea08358c01261cd03b8",
    "python_version": "3.13.12",
    "rust_version": "unknown",
    "os": "Windows-11-10.0.26200-SP0",
    "seed": 20260416,
    "repetitions": 1,
    "warmups": 0,
    "jobs": 2,
    "matrix_compare_key": "preset:lite",
    "matrix_mode": "preset `lite`"
  },
  "recipes": [
    "small_narrow_few_write_cold",
    "medium_narrow_heavy_mixed_warm"
  ],
  "samples": [
    {
      "recipe": "medium_narrow_heavy_mixed_warm",
      "iteration": 1,
      "warmup": false,
      "seed": 20261402,
      "wall_clock_seconds": 1.530383500001335,
      "counts": {
        "flows_created": 40,
        "tasks_created": 340,
        "flow_transitions": 120,
        "task_events_recorded": 1620,
        "read_queries": 180
      },
      "throughput": {
        "flows_per_sec": 26.137239456623195,
        "tasks_per_sec": 222.16653538129717,
        "transitions_per_sec": 78.41171836986959,
        "task_events_per_sec": 1058.5581979932394
      },
      "latency_ms": {
        "create_flow": {
          "count": 40.0,
          "p50": 1.3376000006246613,
          "p95": 2.0454250001421315,
          "p99": 2.2753170008581947
        },
        "set_flow_state": {
          "count": 120.0,
          "p50": 3.4654500004762667,
          "p95": 5.901310000626836,
          "p99": 8.298240000385704
        },
        "create_task": {
          "count": 340.0,
          "p50": 1.3849999995727558,
          "p95": 2.0249799994417117,
          "p99": 3.991558999641711
        },
        "record_task_event": {
          "count": 1620.0,
          "p50": 0.19129999964206945,
          "p95": 0.2542150002227572,
          "p99": 0.2852859996528423
        },
        "query.list_task_runs": {
          "count": 57.0,
          "p50": 0.6407000000763219,
          "p95": 0.9532600004604319,
          "p99": 5.297320000245236
        },
        "query.list_flow_runs": {
          "count": 57.0,
          "p50": 0.949699999182485,
          "p95": 4.203199999392382,
          "p99": 5.158455999771832
        },
        "query.list_events": {
          "count": 66.0,
          "p50": 0.5669000001944369,
          "p95": 0.8024500002647983,
          "p99": 4.020769999533513
        },
        "query.get_flow_run_detail": {
          "count": 58.0,
          "p50": 0.4886999995505903,
          "p95": 0.6332150007438031,
          "p99": 0.713610999082448
        }
      },
      "process": {
        "cpu_seconds_used": 0.921875,
        "rss_bytes_start": 0.0,
        "rss_bytes_end": 0.0,
        "rss_bytes_delta": 0.0
      },
      "sqlite": {
        "db_bytes_before": 4096.0,
        "db_bytes_after": 335872.0,
        "db_bytes_growth": 331776.0,
        "wal_bytes_before": 407912.0,
        "wal_bytes_after": 4136512.0,
        "wal_bytes_growth": 3728600.0,
        "bytes_per_write_op": 156.49811320754716
      }
    },
    {
      "recipe": "small_narrow_few_write_cold",
      "iteration": 1,
      "warmup": false,
      "seed": 20260444,
      "wall_clock_seconds": 0.2759055000005901,
      "counts": {
        "flows_created": 10,
        "tasks_created": 40,
        "flow_transitions": 30,
        "task_events_recorded": 40,
        "read_queries": 5
      },
      "throughput": {
        "flows_per_sec": 36.24429378891907,
        "tasks_per_sec": 144.9771751556763,
        "transitions_per_sec": 108.73288136675723,
        "task_events_per_sec": 144.9771751556763
      },
      "latency_ms": {
        "create_flow": {
          "count": 10.0,
          "p50": 1.6764499987402814,
          "p95": 6.485249999605003,
          "p99": 9.277049999145675
        },
        "set_flow_state": {
          "count": 30.0,
          "p50": 5.319949999829987,
          "p95": 7.339309999224497,
          "p99": 8.221891999619402
        },
        "create_task": {
          "count": 40.0,
          "p50": 1.6936500005613198,
          "p95": 2.218359999369568,
          "p99": 2.256414000366931
        },
        "record_task_event": {
          "count": 40.0,
          "p50": 0.2002000001084525,
          "p95": 0.251539999499073,
          "p99": 0.3378530000554747
        },
        "query.list_events": {
          "count": 2.0,
          "p50": 2.78844999957073,
          "p95": 4.703424999570416,
          "p99": 4.873644999570388
        },
        "query.get_flow_run_detail": {
          "count": 3.0,
          "p50": 0.5409999994299142,
          "p95": 0.6832900007793796,
          "p99": 0.6959380008993321
        },
        "query.list_flow_runs": {
          "count": 2.0,
          "p50": 0.7013499998720363,
          "p95": 0.7633150002220646,
          "p99": 0.7688230002531782
        },
        "query.list_task_runs": {
          "count": 1.0,
          "p50": 0.7491999986086739,
          "p95": 0.7491999986086739,
          "p99": 0.7491999986086739
        }
      },
      "process": {
        "cpu_seconds_used": 0.0625,
        "rss_bytes_start": 0.0,
        "rss_bytes_end": 0.0,
        "rss_bytes_delta": 0.0
      },
      "sqlite": {
        "db_bytes_before": 4096.0,
        "db_bytes_after": 4096.0,
        "db_bytes_growth": 0.0,
        "wal_bytes_before": 255472.0,
        "wal_bytes_after": 2640952.0,
        "wal_bytes_growth": 2385480.0,
        "bytes_per_write_op": 0.0
      }
    }
  ],
  "aggregates": [
    {
      "recipe": "medium_narrow_heavy_mixed_warm",
      "repetitions": 1,
      "params": {
        "name": "medium_narrow_heavy_mixed_warm",
        "flow_count": 40,
        "tasks_per_flow": 8,
        "task_events_per_task": 5,
        "read_ratio": 0.5,
        "mixed": true,
        "cold_start": false,
        "sqlite_enabled": true,
        "decorator_hook_profile": null
      },
      "wall_clock_seconds": {
        "median": 1.530383500001335,
        "p95": 1.530383500001335,
        "p99": 1.530383500001335
      },
      "throughput": {
        "flows_per_sec": {
          "median": 26.137239456623195,
          "p95": 26.137239456623195,
          "p99": 26.137239456623195
        },
        "task_events_per_sec": {
          "median": 1058.5581979932394,
          "p95": 1058.5581979932394,
          "p99": 1058.5581979932394
        },
        "tasks_per_sec": {
          "median": 222.16653538129717,
          "p95": 222.16653538129717,
          "p99": 222.16653538129717
        },
        "transitions_per_sec": {
          "median": 78.41171836986959,
          "p95": 78.41171836986959,
          "p99": 78.41171836986959
        }
      },
      "latency_ms": {
        "create_flow": {
          "p50": 1.3376000006246613,
          "p95": 2.0454250001421315,
          "p99": 2.2753170008581947
        },
        "create_task": {
          "p50": 1.3849999995727558,
          "p95": 2.0249799994417117,
          "p99": 3.991558999641711
        },
        "query.get_flow_run_detail": {
          "p50": 0.4886999995505903,
          "p95": 0.6332150007438031,
          "p99": 0.713610999082448
        },
        "query.list_events": {
          "p50": 0.5669000001944369,
          "p95": 0.8024500002647983,
          "p99": 4.020769999533513
        },
        "query.list_flow_runs": {
          "p50": 0.949699999182485,
          "p95": 4.203199999392382,
          "p99": 5.158455999771832
        },
        "query.list_task_runs": {
          "p50": 0.6407000000763219,
          "p95": 0.9532600004604319,
          "p99": 5.297320000245236
        },
        "record_task_event": {
          "p50": 0.19129999964206945,
          "p95": 0.2542150002227572,
          "p99": 0.2852859996528423
        },
        "set_flow_state": {
          "p50": 3.4654500004762667,
          "p95": 5.901310000626836,
          "p99": 8.298240000385704
        }
      },
      "process": {
        "cpu_seconds_used": {
          "median": 0.921875,
          "p95": 0.921875
        },